7021192197085269295,music,period,menstruation,rap,king kitty
7192391956972997930,autistic,cadence of a joke,socializing is hard,nd,parks and rec,amelia bedelia
6970339896057744645,fun facts,lisp,stutter,language,phonetic
6980300813746883845,science,time,fourth dimension,apple
6958900646527470853,queer,you are what you eat,lesbian,cunnilingus
6963791553663864069,left,yallidarity,cowgirl
7122252005317348651,science,fun facts,pauli exclusion principle
7160506361862688006,assorted,i don't regret the love i gave you,fuck you though
7240119129431133483,depression,dissociate,if you can't handle me at my worst,honestly same,i have to leave mentally
7233084652116888858,nd,autistic,interruptions,roller coaster,friends
7252357142227782917,nd,autistic,masking,pretendsies,didn't land well
7174908477792587013,life hack,construction
7117706195837799723,kids,all star,baseball
7163781277479406854,nd,autistic,hyperfocus,socializing is hard,small talk,infodumping,interoception,neutral,scripting
6988248112838020357,delete
7021568922239454469,left,sketchy broke tips,resume,apartment,freelancer,bank statement,nda
6976296377764678918,left,gender discrimination,sexual harassment,training
6979325510597872902,left,ban muslim headcoverings,women wearing shirts,boobs
6991656910034423046,left,queer,here comes the,nonbinary
7129006755421490478,animals,dogs,whisper in your ear,tell you something you like to hear
7172192447873748229,assorted,dinosaur,comic,humans eat your descendents,in the shape of you,chicken nuggets
6973069964257348870,science,fun facts,taste protons,electrons,sour,hank green
6999689586775461125,music,depression,trouble sleeping,rap,not feeling good,bo burnham
7144070725136207150,nd,autistic,study,research,socializing is hard
7198179141936631082,queer,comedy,stand-up,pronouns,you a bitch
7097364566405057797,assorted,witness,comedy,blind in my left eye
7201652542965615914,music,left,thank god for the cops
7264626523292978478,left,montgomery brawl,folding chair,hat
7041216397585747205,assorted,gaming,reloads
6977746931313364229,left,you want me,guillotine
6997087858313923845,nd,autistic,diagnosis,paige,who's that pokemon,ocd
7147030122908962091,jesus,maklelan,god is defeated,moab
7248257589522353454,left,be gay do crime,some of you
6960092283781811457,music,guitar tutorial,layla
6973878155903765766,animals,cats,avatar
7148119624381451562,life hacks,hidden text,resume,cv
6977757312681364741,assorted,drunk,bathroom,stall
6976690692374547718,jesus,gaines-catholic scale
7197165135796981035,dad jokes,pun,lawn
7208982983934610690,life hacks,milk,ginger,recipe,sugar,asian
7013358200128867589,left,history according to colonizers,america
7240972230547574058,assorted,clothing store,shopping,left
6984955336218135813,left,pocket report,protest,cuba,texas,america,acab
7144279079708052742,left,land back,reparations,south africa
7124677053135326469,nd,autistic,socializing is hard,relationships,life hacks,interview
7117103048811351342,childfree,city,trauma
6989283074110573829,fun facts,darkest timeline,big bird,nasa,challenger
6976656804923051270,male audience,osha violation
7193046306611383594,jesus,bird is the word,john,dad jokes
6970845897014004997,nd,autistic,intrusive thoughts
7174565256910441734,nd,autistic,lina,socializing is hard,normal
6980395439614905605,male audience,swallow,orange juice,gulp,toothpaste
6946982382482263301,nd,autistic,masking,mirror
7182767074517765419,left,relationship,violent men,abuse,lose control
7183387531113712942,assorted,patch notes earth,weather,render distance
6996029997479677189,left,taking risks,generational wealth,loan
7120054633011268910,kids,alexa,beyonce,girls run the world
6967326917674421505,music,megalovania,microwave
6948223398803721477,jesus,fresh-baked pie,joseph,mary,god helped me
7021040087823584513,life hacks,language,chinese,accent,learning english
6969681941108935941,left,eat the rich,goldman snacks
7125942007943515438,left,universal health care,history,fun fact,racism
6997050000702262534,left,afghanistan,trump,biden,bush,started a war 20 years ago
7125491880615349550,jesus,three categories of laws,ceremonial,civil,moral,maklelen,fun fact,bible
7209430233013882155,nd,mind reading,hearing thoughts,pizza
7051947575867395333,male audience,dummy,fighting,trauma
6969614411241671942,life hacks,stuck door,hinges
7148139083171122478,life hacks,cooking,stainless steel pan
6943006426746981638,male audience,construction,megalovania
6997226431096950022,therapy,awareness of behavior pattern,excuses,kind to yourself,personal growth
7007546558296132869,music,grace kelly,ryan reynolds,will ferrel
6876605127835274501,fun facts,language,aave,black english,habitual tense,habitual be
6969014894813252869,assorted,relationship,bed,unmade,chores,guests
6966744768139447558,fun facts,animals,zoos,eels,zoom
7114171155421957418,left,history,japan,economy,communism
6980058864800599302,animals,dogs,ball,gate
6969329526048296197,left,microwave,broke in elvish
7042022660355673390,assorted,banana bread,memorization,retain every single word,drugs,hell yeah
7258512114724146475,depression,brain,sadness juice
7200476137485503749,left,wonderwall,white people,music,crackers
7229502333900705066,jesus,ghana,castle,slaves,left,gold coast castle
7139448177291234606,male audience,college dorm,kesha,die young
7243421794181532974,dad jokes,cicerhoe,ostia,your mom,mouth
6969657129103822085,male audience,slapstick,baseball,interview,golf
7154422109740059909,assorted,hiking,outdoors,nature,geronimo
7257558828714118443,left,daily show,john stewart,the problem,sack up and go solar
7019596189859368198,animals,dogs,fluffy toy,lamp
7195708101943708971,relationship,if i had three lives,poetry
7214703249373400362,depression,depression time,music,adventure time
7260700421386243370,left,mitch,black church,amen
7148197316963388714,dad jokes,genie,wishes,long joke
7141585225582415150,left,shoot a deer,vegetarian,kevin,taxidermist
6994512930935000326,left,tak,rap,covid,vaccine
7041401081078795526,therapy,male audience,personal questions,love that game,combat,grimace,emotional support furby,he's dead
7179302958461488427,nd,autistic,tamagotchi,drink water,interoception
6983143171798666498,assorted,bored,visual effect,knock head
6974462541430918406,relationship,treat them like a dog
7198465276210318638,left,corruption,nba or nfl
7166039549255388462,jesus,therapy,autistic,religion,good and evil,good and bad,black and white
7047920586252782895,autistic,nd,encanto,we don't talk about bruno,green
7125164326750604586,kids,hershey's chocolate
7002652385315196165,left,planet money,fanniemae,mobile homes,trailer parks
7218360917774355754,science,music,there was no up there was no down there was no side to side
6952982990326615302,fun facts,happy birthday,music
7154410161472376110,music,harmony,all time low
7098860915390467333,nd,autistic,asbergers,nazi,don't understand humor
6962854985453341958,music,kids,baby,acdc,thunderstruck
6970773215614356741,music,loch lomond,a capella,harmony
6975676095689428230,jesus,bible,heals the blind man,john 9
7012368571133119750,jesus,billboards,fun facts,corruption
6959278310140562693,male audience,life hacks,balloons,oil,loud machine,greese
6944323748686236933,music,star wars,western
7203143102268411182,assorted,allah,active shooter in the building
6979717774331448582,life hacks,construction,window installation
6919285234857004293,left,ableism,learning styles don't exist
7149516904170868010,music,mashup,bill withers,fallout boy
7073100460818812202,jesus,music,jesus take the wheel,dad jokes,honda
7062554623265082670,autistic,nd,autizzy,masking,hyperlexia,codeswitching
6966685827179023622,male audience,osha violation
7142295148209179946,assorted,roommate,ramen pizza
7203151753154465067,animals,dogs,meme,nicholas cage,ate my couch
7197169348572761350,animals,dogs,shoe,mom,flip flop,red-handed
7137675505154837806,depression,plane,$20 million
7162727390211296558,assorted,broken,bitch,busted,notecards,very different vibes
7117740665861049606,nd,autistic,dissociation,interoception,imagination,inner world
7149273588930055470,nd,autistic,socializing is hard,black and white,deepest fear,impact,genericartdad
7030986159719271686,life hacks,left,tarps,black agricultural sheet,unhoused
7251699062121008390,nd,autistic,allistic,teaching,lesson
7040229082612714758,basl,sign language,fun facts
7003482168198434054,left,military,interview,solidarity,war
7236929802152840494,nd,autistic,joy,hyperfixation,same song,stimming,music
7146028579091008810,left,dad jokes,impression,zizek,pizza,jordan peterson
7197133214043999530,left,jesus,conservative,buzz words
7176305486948502830,life hack,party,friends
7111886070127643906,nd,autistic,masking,therapy
7216455042101202222,left,books,history,america,stacking books,latin
7094838936605822251,nd,autistic,relationship,manipulation,genericartdad,abuse
6982979992678436102,left,dogs,retire,police,acab,drugs,headline,news
7173762465086328106,male audience,toast,friends
7154556182064057605,fun facts,science,hank green,bird,i'm a barbie girl
6978630230961310981,left,crawfish,y'allidarity,neoliberal
7029125850763201797,science,geology,mantle,core,the earth is a giant magnet,ford
7129554647831825706,fun facts,life hacks,library
7144552310558100779,depression,mungbeans,antidepressents,stapled together from walgreen's
7053215372228496645,nd,autistic,social interaction is hard,observation,recognize,memory
7256182756407905578,relationships,life hacks,pasta salad
7119113571128331566,left,woke science teacher
7145264742351785259,nd,adhd,memory,ghost,haunting
6972861497575804165,music,celtic trance,busking
6987238433999637765,left,acab,i'm a feminist,chase,my safe word is pineapple juice,police,arrest
7250928954121424134,assorted,parkinson's hiding trick,fish
7116643640331488518,therapy,nd,autistic,alexithymia,trust,gaslighting
6979059805604384005,assorted,chocolate milk death
6973743988327058694,nd,autistic,girls,adhd,white men,statistics,sir isaac newton,gravity
7146222034404658438,depression,beautiful out today,nature,fuck i wish i was happy
7045874977286917382,nd,autistic,validate,therapy,assessment,ribkarma
6929905384740244742,left,blm,laws are threats,acab
7188211610304007467,music,mashup,sweet dreams,seven nation army
7209023345222798634,science,tickling the dragon's tail,tungsten,plutonium,blue flash
7041048506303401222,male audience,sword fight,coreography
7146664920078339374,dad jokes,comedy,stand up,60 seconds,one minute
7086183192981589294,fun facts,history,female pirate,most successful pirate
7145539355199671595,music,gps,look at me now,rap
7023405515438820613,assorted,quotes,peaceful,capable of great violence,harmless
7064994122964241669,animals,cats,depression,nd,left
7214545535544462635,music,afrobeats,squirrel,saxophone,animals
7248622617446567214,nd,autistic,sensory issues,overstimulation,teacher,vampire,hypersensitivity
7152260566743076101,assorted,joker,nintendo,batman,dark knight,where's the italian,mario
6979756183708077317,jesus,music,vbs,dance,lord i lift your name on high
7249118375136349486,jesus,god is a black woman,deconstruction
7206528231153962283,science,dad jokes,terrified of verticle axes,why,y
7195728999253822762,assorted,5-to-9 before my 9-to-5,work from home,wfh
7193396611345550635,music,recider,relationship,memory,regret,i love you
7136219883377052974,male audience,yes,fuck,sunglasses,weightlifting
6971921683636555014,fun facts,john mulaney and kronk have the same voice just different pitches
7248293957665426693,math,animation,science,euler
7200906003162877226,dad jokes,philosophy,ship of theseus,wikipedia
7163783214643825963,left,women in tech,gender disparity,women in stem,pipeline problem
6991209088067636485,jesus,deconstruction,magic bomb,three,hell doesn't exist
6793050241961577734,music,self-deprecating humor,my mom thinks you just got killed by a cat,song
7158954046605331714,music,depression,sound of silence,forgetting to take your meds
7252164618133474603,left,goodhart's law,fun facts,when a measure becomes a target it ceases to be a good measure,standardized testing
7186407633056779562,childfree,adoption,nd,genes,genetics
6953749738055306501,male audience,life hacks,table,garage,wall
7123282671442283822,science,powerlines,animation,distribution,transmission,insulator
7172027158489992490,assorted,omegle,customer interviews
7256252164727770394,nd,god gives his most delusional tendencies and unhinged thoughts to his cutest soldiers
6988979729718185221,animals,dogs,zoomies,stairs
7241248641027968282,philosophy,greek,ai,science,fun facts,mythology,prometheus,pandora's box
6949964199384583430,assorted,air freshener,smell,scent,dollar store,truck
7012136560107818246,fun facts,left,history,indians,native americans,slavery
6872755347778571526,music,mashup,kodak black,mozart
6970222861315312902,life hacks,construction,end table
6958536911648509189,left,acab,defund the police
6994166174208609542,jesus,newlyweds speak at youth group,sex,waiting until marriage,abstinence
7105502489067261190,life hacks,fluid dynamics,water,roof,che
6995004919182904578,music,piano,warner home video,remix
7174951728071363886,assorted,where's waldo audiobook
7196848643003960622,left,corporate nonsense,piano,it is inevitable that you will make mistakes bubut it's not acceptable,antiwork,anxiety
7031350368445467910,fun facts,sikh,turban,identity,need help
7186428567406890282,poetry,i do not want a house with coasters,imperfections welcome
7257586631496977707,tall people problems,just a little guy
7110107987796086062,life hacks,camping,fire,pencil sharpener
6974177154598833413,animals,dogs,peanut butter,travel
7259179782301142277,fun facts,nd,queer,race to innocence,sociology,solidarity,research,left
6975276768303353093,assorted,covid,i really don't think it's strong enough,alcohol
7028025352819707183,fun fact,music,dad jokes,i wonder what happened to my cat,somebody that i used to know
7080523791918550318,kids,lesbians,lasagna,queer
7015414930140679426,music,duet,animals,dog,siren,piano
7117726501222583595,assorted,preston,crazy friends,we could make tonight a movie,movie night,shots,alcohol
7046152106218343727,dad jokes,music,boxing day,bach zing day,day after christmas
6969929455246560518,animals,dogs,golden retriever,camera,go pro,wet,towel
7018552091647970565,jesus,christian influencers,be better,woods
6980123140122807557,fun facts,science,gears,jacob's ladder,compliant joint,compliant mechanism
7216420899363327275,left,acab,covid,comedy,stand-up,fun facts
7225792325044292910,fun facts,science,eels,reproduction,research
7142604996054453550,left,racism,ariel,little mermaid,scientifically
7050854981469179183,left,accelerationism,solidarity,community organizing
7136894755245493550,depression,submerging your face in ice-cold water,diver's reflex,i'm not hungover,i just want to feel something,it worked,i highly recommend if you're sad too
7145137691149995307,left,queer,gay marriage,comedy,stand-up,oklahoma
7193755329451085098,autistic,nd,stove fan,overstimulation,sensory issues,hypersensitivity
6989707305809874182,left,therapy,simone biles,gymnastics,olympics,under the desk news
7256126784851250475,life hacks,security,data privacy
7248368730751683882,nd,autistic,moon,waving,stimming
7213767978306014510,music,mashup,just the two of us,bill withers,get low,to the window to the wall
7046872753030335750,left,covid,zombies,press interview
7001488958383213829,fun facts,language,aave,patty cake,pat a cake
7135315067330972971,left,payless shoes,news
7193980334747225386,jesus,wwjd,what would jesus do,bible
6968293937463266566,nd,adhd,life hacks,chores,executive function
7259334396069629230,assorted,safety briefing,do not add to the population,do not subract from the population,if you do end up in jail establish dominance quickly
7184906169406999854,depression,nd,gift of consciousness,stuck with it
7008687888883780869,left,history,fun facts,atomic bombs,japan,garlic bread,cooking
7043167246255934767,fun facts,history,wright brothers,flying,airplanes,quotes
6983452694975466757,male audience,relationship,tampons,vagina size
6978926765162892550,queer,gender,what is a woman
7091598923378216235,therapy,relationship,life hacks,anxious attachment style
6990368899455782150,left,get out,vacation
7026462951162924334,music,opera,tenor
7219764374968306986,computer science,signals,life hacks,kill,ctrl c
7190053492671663366,fun facts,mansfield bar,schoolbus
7090990628376530181,queer,left,coffee analogy,gender
7106164104200523014,left,african explorer,colonization,city,africa
7226774782732242202,nd,executive function,can i do anything i set my mind to,can i set my mind to anything
7128072479104339206,fun facts,history,ireland,irish potato famine,ottoman,food
6995294872357850374,animals,deer,horses are extremely intelligent creatures,i can feel it comingg in the air tonight
6997895530797976838,life hacks,cooking,restaurant tips
7154445501293792555,animals,dogs,swimming,golden retriever
7039608139553115439,assorted,i disagree,kiss my ass
7158264452087860486,assorted,relationship,breakup,toxic,back and forth
6984593204825836806,queer,nonbinary,they are wrong,conservatives
7052072561617734918,music,sound of music,drunk,duet
7238292302270336302,jesus,genz,parable of the lost sheep
7145884819107368197,computer science,stuck on the same error message,different error message
7200770724007628074,fun facts,china,rihanna
6989329227757735173,autistic,nd,joe wells,comedy,stand-up,not autistic brother
6974443868959935750,animals,sugar glider,catch
7077282454024801579,left,provide and protect,manhood,masculinity
6990742063889304838,left,daniel hale,fun facts,history,drone program,wikileaks,military
6974569710067174662,life hack,cooking,ground beef
7121713903960378670,assorted,minesweeper,music,chainsmokers
7205677054577118510,music,thank god for the cops,collaboration,acab,left
6961374441481751814,construction,safety first,male audience
7172191729636937002,left,public transit,private chauffer,traffic
7177102345954659627,left,president,jesus
7004981946619038981,left,amazon,white supremacy
6771104396634885381,male audience,construction,osha violation
6981486330605767941,left,acab,cops on horses,music
7055037120007671045,music,do a deer,sound of music,drunk
7018347061896695045,assorted,technical analysis,trading,stocks,billionaire
7138905474241432838,nd,autism,adhd,memory,auditory processing,instructions
7031666326431141125,assorted,when the hood is sophisticated but still dangerous,car,asleep
7111391287865068806,male audience,relationship,scotland forever
7002222273482476806,assorted,canadian border patrol
7020976300143807746,science,drone,interstellar,lightbulb
6946202774451408133,computer science,april fools,stack overflow,copy code
6955212662980611334,left,conservatives,liberal,gun control
6980815624020708613,left,feminism,if i had a dollar for every time you made a joke against women,you'd have 77 cents
7133445384944340266,assorted,dancing,listening to music,stimming
6984546342223891718,left,guillotine,jeff bezos,bo burnham
7247726789986979115,left,submarine,billionaires,collaboration
7065816727736601903,assorted,here's the problem dude,animals,cats,you step to me again we're gonna have a fuckin problem isn't that right
7003000857730256134,music,mashup,sexy and i know it,bill nye the science guy,lmfao
7003097213077310725,left,hot,trucker,sarcasm,heroes
6988511056599584006,music,megalovania,sweet home alabama,mashup
6949773210481200390,left,keep the rent low in the neighborhood,guns
6956696543411916038,assorted,i am an animal in bed,koala,sleeping
6962647264187747590,life hacks,hang a picture,construction
7253571940512779562,left,billionaires can't be good people,research,end homelessness
6976273154196999430,assorted,mom's home,cleanup,messy house
7110944369582116142,left,music,bo burnham,cover,there it is again that funny feeling
7146235092745211182,left,karl marx,nothing to lose but their chains,bondage kink,vote against our own interests
7199831508981419306,assorted,nomdecoom,chinese spy balloon,yellowstone
6972926757091413253,left,liberal,growing up,punch a nazi
6984441175533030661,animals,cats,slapping,if you're happy and you know it clap your hands
7137688907478601002,music,meme,it's corn,farming
7148776335001783558,math,16-9,foil,factoring,difference of squares
7112808426832465158,left,gun control,school shooter,school janitor in the united states of america
6915376956548615429,kids,do you remember the day you were born,i remember when the earth was opened and i crawled out of hell
7015289129873313029,music,adding saxophone,industry baby,lil nas x
7220270575921450286,nd,autistic,transitive property,adhd,friends
7027924006154112262,music,collaboration,tooeytouch
7029787296111037701,queer,sign up for football,tackle
7233952006249942314,nd,autistic,parallel play,i am stuck on bandaid brands cuz germs don't stick on me,echolalia
6977542262322433285,life hacks,kitchen,pots organization
7068840267712908586,left,grandma,ukraine,russian soldier,sunflower seeds
7163777344321293614,left,y'allidarity,racism,intersectionality
7183759162008947973,music,jazz frog,collaboration
7151616085140442414,assorted,built different,small girl,oh shit,crack egg in arm
7035392978780884270,assorted,game,dancing
6977863563914317061,male audience,farming,pornhub
7259924283303005466,fun facts,dad jokes,scuba,tuba,hank green
7010885313497287942,left,gas prices
6992253127604915461,left,abortion,vortex,lab
6986368856759504134,jesus,jesus was a jew,judean
6976602351817854214,male audience,give up cheese or blowjobs for the rest of yy jaw
7200833731681275182,assorted,growing up,getting old,for sure,charlotte,i bought a boat
7138416484841213190,assorted,letterkenny,the whole world is going to hell in a handbasket
6997577631227055365,jesus,church,preacher,crack
7039844308182420783,assorted,interruption,meeting,presentation,feminism
6972693083985169669,assorted,stupid ideas,stupid ways of saying them,feeding ducks
7241620598512749870,left,atlanta,stop cop city,acab,research,defund the police
6989972410883706117,left,gun control,school shootings,olympics,gold medal,america
7033812927538859269,music,william tell,cello,piano guys,electric beater
7255753789855091973,nd,autistic,sleeping,interoception,crying
7028384580453453102,assorted,privileged black
7133989410474986798,science,fun facts,ac tester,dc,car outlet
7135809826655030574,jesus,maklelan,deuteronomy 15,student debt forgiveness
7129689346008943915,left,feminism,hard-working men,bring back the men that would get lost at sea
6963745613099879685,music,cello,layered,he's a pirate,pirates of the carribean
7051147785902624006,left,music,black jesus,black santa
7027478473362984197,music,bill withers,just the two of us,paranoia,toilet,singing,shower
7025650427056295215,left,squid game
7137251636744817962,assorted,is curt skelton real
6974178747297615110,assorted,i responded to your text in my head,but apparently i forgot to send it
7116270086368873734,male audience,soggy biscuit,che,gotta get nutted on,climax
7005267279147437317,left,tiktok will be illegal,data
6958576759503588614,male audience,makeup tutorial,masculine
7138955071374658862,childfree,millenials who are cavalier about not having children,40s,drunk,i will pay for all the food
7198326800596978990,autistic,nd,dads,genetic,hyperfixation,collecting,infodumping,routine
7111341054292528427,music,spectacles testicles wallet and watch,leaving the house song,steve,murdered a man
7018011589936729350,left,pocket report,nike,running shoes,rei
6971119960634543366,science,fun facts,rocket science,engineering
6967014483600346373,male audience,construction,dancing,hammer
7142536946571545899,jesus,black christianity,history,fun facts
6982288806552587526,left,aladdin,genie,wishes,feminism,disney
6984177887008115973,dad jokes,queer,gay ghost,ghosts come out
7052119274617457926,music,human piano,bobby mcferrin,crowd
7002694066588749061,left,fuck trump,church,jesus,lutheran
6954452776256589062,animals,spider,eating bugs
6951047080429292806,delete
7137842365917580590,male audience,posing in perfect lighting with a pump,look like in real life,muscles,ripped,work out
6944963031004744961,male audience,men on average see at least five women a day,where are they
7010077161407237381,depression,shrimp cocktail,bath,cry,beer
7201512191089184046,music,harmony,here i am once again,instead of working out,executive function
6984562241639058694,left,famous black leaders and their ideas
6975693769173748998,left,crt,texas,teachers,juneteenth
7110612884279020846,music,her sister was a witch and what was her sister a princess,meme,my own worst enemy,lit
6973445093558668549,construction,life hacks,refrigerator
7168955541438385413,relationships,when you're finally in a happy relationship
7145058162549312773,dad jokes,knock on the door,norway
7127787990478261547,music,cups,smashmouth,all star
6954751640209526022,fun facts,feminism,history,olga of kiev
7260320890271976746,left,wkuk,aliens,wizard alliances,invading iran
7120356372331416875,assorted,christian,jesus,pentecostals
7032411360088706309,dad jokes,usa,usb,usc,usd,yusf
7201960778658827563,left,what do politics have to do with me,i don't like politics
7148052609545407786,assorted,premier,subtitles,comedy
7180540636175551786,left,maga circus,news,panel,trump,interview,bigfoot,boy scouts donation
7080605923915369730,assorted,goat,we used to be best buddies,eating
6942547117172870405,poker,no idea how to play poker
7104744674228882734,left,what you said,what you meant to say,lentils,dosa,cooking
7147798401625656618,assorted,meme,on that day to that little girl they were,look at all those chickens
6943622412655217925,music,zimmer,disney,lion king,car
7179102928240708907,consent,men,turned down a woman in the bedroom
7195014722553384235,music,dad jokes,1812,cannon
6990146125588122885,assorted,imagine climbing,math
7193849040717614342,life hacks,voice cloning
7020609720377560325,male audience,legally blonde
7254700725987462442,music,depression,autistic,nd,burnout,shutdown,song,emily anne,meltdown
7112112299762142507,animals,dogs,eating the same dog's leg
6951454605825936645,disability,list of things that i can do,your mom
7050202204740898095,jesus,church,if we taught boys about purity,sex,trauma
7035351127713516801,music,mashup,adele,megan thee stallion
7057953901856804142,left,joe rogan interview,hey arnold is not black
7097819299108097285,male audience,here comes the bride music,avengers,skeptical
6990887875369766150,music,the sailor and the siren,what do we do with a drunken sailor,harmony
6974857142029339910,assorted,comedy,dentist,crest pro white,hostage,captive
6955480339020025093,animals,dogs,star ward,darth vader,scared,golden retriever
7021705379880946949,jesus,first passover,nomdecoom,plague,kill our sheep
7037736278884027694,queer,autistic,nd,socializing is hard,direct communication,relationships,dating,ribkarma
6969675410355358982,disabled,comedy,stand-up,pfizer,faking it
6998614125085510918,depression,cryday,car,saddie,baddie
7231982910335651115,assorted,wes anderson,basketball
7046057675519577349,male audience,gymnastics,balls,pits
7083975849514405125,music,comedy,tell me something boy,africa
7030218094853360902,nd,fast talking,adhd,autistic,volume,audio processing disorder,speed walking
7056817264418639150,left,sinema,manchin,quotes,mlkj,king,liberal,white moderate,racism,direct action
7190233437931015470,queer,trans,terf,respect women,feminism,trans inclusive radical misogyny
7177433760307154177,assorted,music,rag,wipe down tv,whip,cloth,dusting
6992886858208365851,animals,cats,life hacks,nail clipping,mouth,biting,toe,paw,neck
7040308241120627974,left,racism,tell me you're a straight white male,so i know this video wasn't targeted at me but i decided to make one anyway
6964130788736601349,music,laundry machine,calculator,darude,sandstorm
7112903670861188398,assorted,negativity,black samurai
7260678491560021254,nd,memory,forget,my arm remembers,autistic
7104284879180909830,africa,dance,wellerman,a capella,dance
6969312323139947782,fun facts,science,bats,echolocation,how do we know,swing
6965183093078609158,left,construction,good workers are hard to find,i'm a good worker,i hide,antiwork
7054754951083461935,music,i was wondering if you could play that song again,spongebob,powerpoint presentation,rap
7120026520214621446,kids,spicy food,wasabi,help
6984535549075918085,animals,ferret,deaf,balls,stairs,conga
7150091676516896046,kids,candy corn,tastes like wax,how would you know that
6977783065464589573,music,queer,evolution of sex,guitar,science
6975723799173942533,nature,you guys ever think that you're lonely and then you talk to people and you're like that wasn't it,introvert
7010175690058239238,left,repossession,fun facts,penny auctions,history,banks,community,solidarity
6984847257539464454,left,history,comedy,critical race theory,america,systemic,racism,discomfort,uncomfortable
7086130016064687406,assorted,good morning fuckers and fuckettes,i am caffinated vaccinated and freshly masterbated,time to grab the day by its balls,consentually of course
6974534748169342214,animals,cats,bananas,do you want to fight,do you want to catch these hands
6972052340207635717,life hacks,cooking,avocado
6982517957184261382,assorted,chistmas lights,town,dicks
6959256314832817413,left,critical race theory,liberal race theory,racism,fun facts,history
7008010651830357253,music,left,rap,clarity,jesus,clarity
7208305541880286510,in the 60s we made racism illegal and now everything is fine,left,music,guiitar
7155026823410240773,dad jokes,fun facts,morning wood,erection,boner wave around the earth
7229755094198275354,nd,autism,compliments,socializing is hard
7127095569532587270,left,music,europeans,america,native,colonizations,history,material economic progress,research
7136757834095529259,left,jesus,when christianity becomes illegal,stop it,priest,rolled up paper,you are not oppressed
6980801724848098566,kids,construction,main trench,beach,sand castle
7134032688167603499,science,how are you peeing your pants,you have a tampon,vagina,three wholes,laughing
6973061110186462470,science,schrodingerscat,self confidence,look in the mirror,self image
7199690098978409774,life hacks,camping,smores,marshmellows,alcohol,shot,cocktail,bartender,baileys
7140318445664488750,fun facts,history,you can't have your cake and eat it too,unibomber,being right,pedantic
7136292210525457707,life hacks,html,css,computer science,neumorphism,web development,uiux
6987834921544944901,left,wedding photographer,slave,pictures,beach shoot
7161888650219883781,male audience,most beautiful woman i've ever seen,i never meant to break your heart,train
6977424870867012869,dad jokes,music,good for you,good4you,beavers,like a dam,olivia rodrigo
7194220572233059630,dad jokes,glasses,plans for today,after that we'll see
6981555372033101062,queer,gay-straight alliance,sports,emotions
7255813372170554667,delete
7189748700644805934,music,introvert,i don't want to dance with nobody
7055463001876417794,fun facts,history,left,american revolution
7185704257855704363,assorted,i'm not a bad friend i'm a dad friend,construction,slow to text back
6996835244372397317,left,fun facts,blue states,red states,subsidy
7151426812566949126,music,introvert,outro,tell your friends to leave,end party,salute
7078004806312496430,assorted,comedy,how to hurt your grandma,rob a bank,jason banks,browser history
7116600341872807214,left,fun facts,r>g,piketty,economics,research,capitalism
6998935379097193734,assorted,music,spotify playlist,recipe,banana bread
7167779399956237573,africa,i never said thank you,me who finished all my veggies,batman,and you'll never have to,assorted
7011236233301085446,nd,autistic,socializing is hard,what did you get up to over the weekend,small talk,hyperfocus,special interest,scripting,ndwellness,lina's brain
7162582297961680171,science,construction,grounding,earthing,powerline pole,electricity,male audience
6977825398121958661,left,colonizer,cracker,racism
7209407884571020590,life hacks,ai models,llm,computer science,chatgpt
6977144268926323973,bouba and kiki,fun facts,autistic,literal,research,oddpride,blind
6992002359723445509,music,rap,grace kelly,mika
7040528190426598702,left,y'allidarity
6983796378929581317,male audience,manual,manuel,car,stick shift
7241705478839930155,depression,intrusive thoughts,brain,minor inconvenience
7170703759998291243,relationship,trauma,communication,needs
6980182639198162182,sciecne,bill nye,millenial,music
7028269182609558830,assorted,wave,white
7184079744441355562,nd,autistic,amelia bedelia,literal,slay,shut up it is not
7195880288004623622,nd,autistic,texting,reply late,introvert
7172393440574115118,nd,trauma,suck it up part 2,healing part 1
7078352229975084294,fun facts,history,marathon,olympics,julian calendar,gregorian calendar
7011965131500440837,covid,left,appreciation post,we did our damn thing,vaccine
7123157414131584261,nd,therapy,music,rap,one thing we not going to do is chase the thing that is not for you
7114769740345773317,fun facts,accents,letter r,language
7254291002381372715,africa,spider man,music
7095810426788728069,assorted,fun facts,humpty dumpty,egg
7144016854019820843,therapy,janet,bath robe
7038735165170126126,left,trump,underimmigration
7030085850859916550,depression,if you're still alive you're not struggling with depression,depression is struggling with you
7138061792911101230,drugs,how long does it take for edibles to hit,alexa
7209368242115136810,music,just the two of us,maceahwindu,bill withers,a capella
7047600428736843013,nd,autistic,interoception,snack,hungry,ndwellness,lina's brain
7176046509102845226,harry potter,weasleys
7264662646094318894,left,disability,montgomery brawl,chair
6993471921165831430,nd,autistic,fun facts,language,avocado,infodump,hyperfocus,geologic time scales,silurian,etymology,gatekeeping,sociailizing is hard,intelligence
7121505700672458026,animals,farm,emmanuel,ostrich
6949264472942923014,delete
7036803466970336558,africa,habari njema,covid,south africa,racism,science
7117314913923616046,left,jesus,black,white,portrait,painted
7156357272875126059,assorted,millenial,pokemon cards,charizard,investing,stocks
7195096148267306241,nd,autistic,music,conductor,stimming,orchestra,symphony
6915218336829771013,left,i just checked my bank account and realized that i can comfortably live for the rest of my life without ever having to work as long as i die by next friday
6980404590453755142,music,jurassic park,wedding
6992283579019627782,assorted,cookout,chicken,black,grill,bbq
6950781153099959557,male audience,life hacks,open beer can
6975935748746906885,animals,cats,shower curtain,in the hall of the mountain king,peer gynt,edvard grieg
6993467044737977606,left,music,da baby,rap
6998683065472027909,henry tudor,left,music,bo burnham,jeff bezos,history
6994963541765672198,left,racism,italian,christopher columbus,history,are you not embarrassed
7255692363429956870,assorted,what does a girl say to a guy with a big you know what,joke,i figured
7241303989554400554,queer,comedy,stand-up,bathroom,predators,left
7192765855594237226,life hacks,wikishootme,camera,wikipedia
7011277518569245957,relationship,worst ways to turn your girl on,zach
7248727988177554730,left,jesus,queer,drag queens,banana peel factory,break kids ankles
7029318844564966662,music,arthur,africa
7204126336862965034,left,patents,network effects,justice system,judges,fun facts,research
6986353571608546566,left,eggs
6833457888766233861,left,kids,solidarity,acab,protest
7206065467918748971,left,work bro,overworked,work-life balance,candles,part time
6985216620692049157,animals,cats,music,guitar,sneezing
7000219099905133829,assorted,insults,southerners
6985320317149252870,animals,fun facts,falcon punch,eagels,raptors,birds,hawks,gaming,science
7075824597827996933,assorted,work out,elastic,paper clip
7260207007309991214,nd,autistic,auditory processing disorder,emily anne,delayed processing
7106952743394413870,nd,autistic,stimming,life hacks,community,sensory-friendly,lighting,fidget toys
6970779481598463238,assorted,drive-through,gatorade should be thicker,bumper sticker
7165607331286355246,nd,adhd,change topics,story,memory
7000512930089307397,assorted,sit on my face,suffocate me with my ass,immigrant,stop it,i can't go to jail
7250240095268228395,animals,science,fun facts,frogs,bugs
7194214131598183686,science,history,greek mythology,comedy,trauma,zeus,kronos,family
6975936810941811974,fun facts,cars,science,engineering,monowiper,german
7070649113649433861,nd,autistic,adhd,anxious attachment,rsd,i miss you,small talk,texting,memory,honesty
7114819205861608747,music,dj,disability,high school prom,when your legs don't work like they used to
7161186776931929346,philosophy,debate,objective reality,science
7082877034380250373,nd,autistic,socializing is hard,moving,adhd,empathy,hinting,direct communication
6989627051091201285,jesus,things your youth pastor probably never said
7101820262047370542,nd,adhd,autistic,proprioception,interoception,running into things,bumping into things
7058774436060728622,left,black,white,taking things from the white community,harry potter
7111913999045807365,assorted,name one thing,hank green,rocks,ineradicability of hope despite the futility of effort,comedy
6947693439454661894,story of the pollen apocalypse,history,fun facts,urban planning,feminism,sexism,trees,science
698201417036754this749,childfree,aww,cute,hi baby girl
7224315521573883179,nd,autistic,masking,genericartdad
7015242345473953030,depression,nd,when i was young,i am no longer young
7150148373885242670,africa,swahili,lanugage,ka
7193415577161993515,music,ray charles,hit the road jack,american idol
7029456424493223173,left,joe rogan,milkshakes,shtick,tell me more,infomercial,racism
7153051998970006826,dad jokes,queer,comedy,michael jackson's pronouns are he/hee
6976673186998013190,childfree,relationships,comedy,divorce
6967027569589898501,left,growing up,nazi,violence
6986687839580867846,left,trillbillies,fun facts,history,company money,company store
6980479017686158598,male audience,relationships,aladdin,did you rub my lamp,sexy
7212863123802377478,therapy,body dysmorphia,be gentle with yourself,positive affirmations in the mirror,the only person who keeps telling you that they don't like the way you look is you and it's really annoying so will you shut the fuck up
6974509222524488966,male audience,construction,bathroom,shower handle,language,instructions
7196039167556570374,assorted,canada,quebec,frozen beard,ice,snow
7174427650935508229,africa,gym,workout,how i want to focus in 2023,sexy
7185569187799026990,music,beethoven,moonlight sonata,sunlight,minor key,major key,piano
6971945382913838342,male audience,jackhammer my ass,construction
6976339069290695941,fun facts,food science,nachos,chemistry,sodium citrate,baseball
6998598921387838726,assorted,muslim,would you eat this bacon for $500M,pork,allah,forgiveness
6983011031249390854,left,music,racism,hate,capitalism,research,slavery
7174844687314898219,assorted,work wife,animals,dogs
6998297896005160198,male audience,help desk for men,forgot what to pick up on the way home from work,relationship,forgot the kids
7143628637269495082,assorted,man stitching it,i want to hear you talk about your legos,true,no one wants to hear it steven
6971924337494379781,left,marjorie taylor greene,eat cake for breakfast,saddam hussein,osama bin laconfederate monuments
7108414322673552683,music,go bigger,tony awards,neil patrick harris,performance
7232136216030760194,parents,gentle parenting,trauma,comedy,because i said so
6974017983530257669,new york,empire state of mind,peru,music,assorted
6949199118300499206,nd,autistic,executive function,put your hand on a hot stovetop
6989391129796185350,left,international handball federation,fining the norwegian team,shorts,bikini,olympics,tradition
7034322926149078318,music,change the rapper,cocoa butter kisses,cigarettes,bass,groovy
7025842825388461359,assorted,spanish channel,illegal streaming,pirating,espn,sports
7248427533576719622,left,submarine,logitech gaming controller,unboxing,review
7068375128203316526,assorted,comedy,that's why i'm here,ill be taking this case off of your hands,police,investigation,hats,i killed those people
7194620611417623809,fun facts,science,mirrors,reflection
6984361559250259206,left,woke ceo,comedy
7157107859191352618,assorted,introvert,you got what i need,pizza,friday night,weekend
6975681144520002821,kids,headache,for suggestions and complaints please contact the manufacturer
7141891480376937771,assorted,when you feel stupid it's actually because you got smarter
7246280494185450798,submarine,whales,orcas,left,comedy,solidarity,yachts,organizing,protest
6982021875132140806,dad jokes,give me a second i,give mi a second i,nintendo,music
7183182198584003886,engineering,comedy,robot,ice cream,spoon
7259869810123820334,music,darude,sandstorm,guitar,fan,male audience
7258725755616546054,music,hey yeah,a capella,duet,andre ice cold 3000,outkast
7049422966634958085,left,corporate,help desk tickets,it,metaverse
6980862824281148678,assorted,comedy,galileo,science,jesus
7248679339183590699,assorted,that's it then gary,couple's argument,audience,mother father daughter,cheating,relationship
7207435253072301317,nd,autistic,adhd,hyperfixation,hyperficksation,porridge,food
7063191806011280687,left,pro-choice,pro-life,breeding kink,abortion
7172591107375664430,dad jokes,dark comedy,car,bison,bye son,b+,be positive,blood type,father's dying words
6970424467076009222,\left,identity,why can't i identify as black,fairness,ferret,glasses
7135222246309907758,left,student loan debt forgiveness,biden,fairness,comedy
7064499320279665921,africa,kenya,presidential election,wajackoyah
7039059882749742342,jesus,deconstruction,chai tea,analogy,church
7131778026534227243,animals,dogs,zoom meeting
7158559604245318918,nd,autistic,nitpicky,pedantic,language,words,lina's brain,ndwellness
7258120526713965867,left,all bad guys matter,oppenheimer,osama bin laden
6981419118264175873,male audience,compilation,beggin
7141465177333026090,assorted,outro,drive through,salute
7031706308382362927,left,magic the gathering,stacks,smokestacks,racism,perminance,systems
7155887579982843179,music,mashup,katy perry,teenage dream,my chemical romance
7183508798995221803,assorted,walk a mile in my shoes,comedy
7249035035209239854,delete
6964036885295484166,music,harmony,layering,imogen heap,hide and seek
7148940692654394666,depression,stop a carjacking,theft,robbery
7173379051317464363,left,spotify wrapped,rap,kanye west
7221582114880294150,assorted,wes anderson,lunch
6969902739442683138,music,harmony,duet,lights will guide,coldplay,yellow
7171537024497782022,queer,doctor,pregnant,no fam,british
7248816309595655430,life hacks,moca adapter,internet,wifi,computer science,engineering,home networking
7078455715899133230,left,europe and asia,eurasia,racism,comedy
7196375613458926891,nd,autistic,pda,mario kart,depression,parenting,peach
7192304630741748997,no asians,assorted,no agents,house for sale,british,news reporter
6974715711084055809,fun facts,battlefield 2043,rendezook,gaming
6974585492117409029,animals,cats,nice ron,sneeze,pool
7233441516818140434,life hacks,computer science,engineering,ssd enclosure,external hard drive
6975600815310425350,left,music,remind me the last time white supremecists hijacked planes,terrorism,countries
7257017925104635178,drugs,dmt,acid,feminism,men,empathy
6961586785545702662,left,chinese labor,exploitation,prisons,research,fun facts
7232813120165629186,philosophy,stoicism,feelings,logic,thoughts
7131633257527102766,music,art,stairs,dancing
6981108608264080645,computer science,hacking,radio,interview
6996212152977607941,assorted,bitch fly,fly zapper,comedy,black,and now you on fire
7115497487435124010,left,workout,protesting
7203742114495221038,nd,workout,running,depression
6982014170367544581,assorted,impressions,comedy,if michael cera played darth vader and aziz ansari played luke,star wars
7106248500932775174,nd,autistic,nd,therapy,ndwellness,lina's brain,meltdowns,labels,invalidation
7128109775270808878,jesus,fun facts,left,patriarchy is the opposite of god's design,genesis,sin,feminism
7104139536619556142,music,toothbrush harmony,lotr
7131432193708035371,left,definition of communism,fun facts
7029687906973289734,left,news,the daily,nyt,new york times,podcast,michael barbaro
7143133549040831749,childfree,hi baby girl,aww
7053290618608504090,comedy,assorted,fireworks,death,remote control
7058245854695623942,disability,deaf,eminem,rap,godzilla,asl,sign language
6993715034689932550,fun facts,demolition,9/11,world trade cetner,explosives,conspiracy theory,engineering,science
6975132320160337157,male audience,osha violations,construction
7201948787793825067,fun facts,news,taliban are tired of working desk jobs
7255348684114840878,jesus,whiteness theology and the justice of god,prosperity gospel
7249049518262570283,nd,goblin tools,life hacks
7252249657940725010,nd,autistic,relationships,honesty,trust,i love you,i love ants because they work as a team,engineering
7165889917564849450,nd,autistic,masking,introverted,car
7039378281833008431,assorted,dad jokes,there's foodies and then there's food whores and i am the fatter the latter
7150388945627483397,nd,autistic,relationships,sabotage,chores,cleaning,routine
7197085830551244074,dad jokes,who's on first,who's drummer was keith moon,the who,the greatful dead,howe,rolling stones,music
6967333637595467013,male audience,holy,what is that,what the fuck is that,construction,plumbing,pipe
7044322567955451142,dad jokes,walk into a bar,typo,rabbit,pa dam dishoom
7153671999569628462,left,do you think harriet was only freeing the sllaves when she felt like it,looks like we lifting and liberating today,freedom,workout
6991749545029799169,fun facts,history,origin of the ampersand,alphabet,language,typography
7232341827301428522,music,shut up and dance church bump
7177246323501026566,fun facts,jack black,judith cohen,aerospace engineer,nasa,astronauts,apollo 13,birth
7045369763371109678,fun facts,aptonyms,language
6964793989040065797,left,music,rap,acab,ftp,police,car
6997585129019297030,assorted,dancing,art,mask,rings,music
7115508430286261550,nd,autistic,pedantic,worrying,planning,anxiety,hyperfocus,explaining,gaslighting,relationships
7236860210088856875,music,chance the rapper,jimmy fallon,nelly,hot in here,country
7171146292645596458,fun facts,grammar,language,phrasal verseparable,pronouns
7113234024318946606,left,abortion,pro-choice,life hacks,telehealth
7180814584628956459,nd,autistic,min-max,eye contact,spectrum,socializing is hard
7055365492810222894,assorted,don't open the door,bible,put it back,haunted house
7046532225092832517,left,acab,dad jokes,when pigs fly,ftp,news
7150835343141604654,disability,deaf,i can feel it coming in the air tonight,kitchen cabinets,music
6984185125219142918,assorted,male audience,i don't look like every other fat bald guy with a beard on this app,disclaimer
7040171260546010374,nature,hiking,climb a tree,assorted,canada
7075245984414043393,africa,whenever people ask me why i always have my phone out,i am the man who takes your phone,where do you even think i got this phone,theft,robbery,steal
7215632798441344299,left,quote,liberty,firefighter,quotes,fire alarm,if you don't like it leave,go home
6976761834699345157,left,amazon,bathroom breaks
7016816906585902342,fun facts,animals,science,killer whales,seal,humpback whale,orca,rivalry
6944475988180897029,fun facts,history,music,rock,rap,evolution,alternative
6990055775422958854,music,punk goes broadway,wicked,defying gravity
7021682886793350406,left,scholastic book fairs,growing up,radii will not elaborate any further
7026512393614150958,life hacks,squall,singing,music,learn how to,black church
6972604408441949446,music,if classical had modern drums,barber of seville,gioachino rossini
6992365536805981445,fun facts,language,aave,reduplication
7206420466918214917,music,duet,harmony,jamaica,i don't want to act too high and mighty because tomorrow i may fall down on my face,lord i thank you for sunshine thank you for rain thank you for joy thank you for pain,it's a beautiful day
7218603187530419502,nd,autistic,neurons,brain,research,connections,synapses,pruning,science,fun facts,neurology,neuroscience
7016065029569072389,assorted,therapy,male audience,marketing to men
7105588764906589486,nd,autistic,overstimulation,trigger,shut down,meltdown,sensory issues,touch
7174105068122279211,music,someday soon my hands will function bad enough i'll have to quit,disability,car,ukelele,i am my own knight in shining armor
7056843052027268398,assorted,i have nothing to hide,secret hiding places,seasonal allergies
7003199026774560002,left,pandemic,covid,apocalypse,venn diagram,movies
7215828565537951019,childfree,if we talked to parents the way we talk to childfree people
7060566411445538095,music,depression,today i'm feeling grayish-blue,nudes,drugs,smoke a bowl,funk,guitar
6996838852451257605,left,amazon,alexa turn my fucking balls off,birth control for men,science,engineering
7133054305380158725,dad jokes,i just need you guys to know that i'm going through a lot right now,parking lot
7028322109612952837,africa,don't waste water,left,people in america who don't have access to clean water
6965014915753069826,every job i get is just a fucked up job,male audience,construction,water,gate
7035383596294688006,dad jokes,key differences between iran and iraq,arachnophobia,pa dam dishoom,afraid of spiders,middle east
6989294995207408902,drugs,left,michigan,ask not what your country can do for you ask what you can do for your country
6999309960224034053,rolling coal on antivaxxers,covid,left,flatbed truck,protest
7150313530997165355,therapy,go to the fucking gym,does this work on men,spit water
7149212101532273925,depression,workout,why get strong,curl your mentally ill friends
7155376703513038086,relationships,breakup weekend getaway
6982062839229992193,dad jokes,elephant hiding in a tree,giraffes eating cherries
7046893347759295749,science,squirrels,terminal velocity,space suiit
7150766401467419950,life hacks,holes in clothes,laundry,zippers
7184599329200409898,left,to catch a predator,texas district attorney,fun facts,chris hansen
7032436182101265669,music,rap,nathan apollo,yeahitstak,i'd have zero fucking dollars
7113949833089633541,music,dad jokes,piano,if i didn't have a bath i don't think i could bear it there's barely room for me so i don't think we can share it
7263126962397400363,model minority,left,asian,black,tiger mom,white,racism
7196147368536870149,left,how would you say your mental focus is,biden,memory
7207723451811990830,fun facts,animals,dogs,culture between humans and dogs,sniff hand
7205853845426294062,left,native,landback,acknowledgement,reparational,wallet
7175238639595670826,oddpride,chai tea,redundant phrases,fun facts,language,metropolis,masala chai
7188546217125694762,nd,autistic,show and tell,eating,eatin in a circle,save the best for last,burger
7028783528309542150,nd,autistic,solution-mode,empathy,support,lina's brain,ndwellnes,just listen,problem-solving,socializing is hard,explicit communication
7264629946960874798,left,montgomery brawl,music,lift every chair and swing
7041475182527270191,music,harmony,pentatonix,favorite things,sounsic,a capella
7036862651082771718,fun facts,animals,monkeynomics,science,oddpride,economics,tokens,gambling,loss aversion,sunk cost fallacy
7190514113456393515,engineering,classics degree,computer science
7066115372499488046,music,encanto,disney,pressure,a c
7129913918763404586,life hacks,workout,calisthenics,handstand,l sit,elbow lever,striq
6964833100685741317,assorted,michael barbaro,i'm getting ripped tonight,the daily podcast,new york times
6972570739614436614,left,interview,conservatives,term limits,government,agreement
7013134033060203782,life hacks,remote release knot
7183339585487916294,left,masculinity,men aren't men,toxic masculinity,research,history,12 years old
7092520519467142406,nd,autistic,forgetting emotions,out of sight out of mind,memory,ndwellness,lina's brain
7228589169323380014,left,dad jokes,pride and prejudice
6974297493081312517,left,acab,fighting,call the cops,ftp
7041281840258485551,music,carol of the bells,harmony,dj khalid,duet
7012070593134693637,dad jokes,male audience,5-2-1 method,psychology,you have five seconds to pick one fucking
7233565836177362178,dad jokes,elephant story,radio,australian,comedy
7153753312553110830,animals,dogs,venom,i cannot
7037307346778967301,relationships,socializing is hard,thirsty,can i top you,champagne
6991591010463747333,music,science,oddpride,geologic time song,dinosaurs,fun facts
7189349514719939846,music,duet,bob marley,three little birds,kids,don't worry about a thing
6949953108545899781,assorted,relationships,news,shower,shampoo bottles,comedy
6974393210869124358,assorted,relationships,you mean porn,skeleton crew,movement pieces
6977131478400601350,fun facts,science,animals,bat swing,doppler effect,echolocation,research
6994536463538998533,animals,penguins,comedy,voice over
7021999342114360582,kids,my class is so churchy,teaching,math,a fact family is a family of factors,black
7199108801587465514,nd,introvert,autistic,shut down,overstimulation,social battery,socializing is hard,bar
7224914113263144234,nd,autistic,need to be right,need to be correct,cooking pasta,hot water to boil the pasta,black and white thinking
7194869290099657989,music,apple bottom jeans,beatles,blackbird,guitar
7200449863069355306,left,black history month,full face of makeup,duet,black face
6990013150062071046,male audience,booty patrol,comedy,car,us car and booty protection,E69420
7232436524988517675,music,ain't no sunshine,i know,studio,bill withers
6957488856992124166,hey i wanted to share this with you in case it's not quite as beautiful where you are,do i wish you were here fuck no stay away, but i wish this was there,introvert,hiking,nature
7179592646460001542,engineering vs finance,scene,margin call,build a bridge,traffic
6970065338864028934,fun facts,antarctica,south pole,eclipse,science,space
6978971336676855046,nd,autistic,late-diagnosed,grieving for lost time,assessment,ndwellness,lina's brain
6975448855978495237,music,comedy,killers,triathlon,mr. brightside
6979658112919670021,fun facts,shrek,three bears,goldilocks
7070560046366592261,assorted,how do you professionally say,masking,life hacks
6991120272145288454,left,comedy,sheep
6983347176374160645,left,nonbinary,they/them,news,language,pronouns
6922207235774942465,georgia tech,speech,me,selby
7174089584073133355,nd,adhd,relationships,shaving pillowcase,distraction
6960833027517730053,male audience,left,construction,when the job's hourly,shovel,excavator
7039880230219156741,nd,autistic,depression,lina's brain,ndwellness,assessmentte-diagnosis
7062807763696799022,assorted,drill,screws,cold cut,music,dut dut
6972104966135745798,drugs,left,jesus,i don't want to be a bitch but you guys are reallboring,god watching humans make the plants that get you high illegal
7200408292726721835,left,racism,no tresspassing signs,slavery,fun facts,history,everything's racist
7044807544518298907,just me and my dragons,rawr dragons rawr,animals,turkeys,birds
7136293028171418926,assorted,roommates,james and the giant peach,new york,argument
7004232563514543366,did fernando tatis junior double jump,male audience,gaming,youtube,sports,baseball,comments
7121151370224225579,nd,autistic,assessment,spectrometer
7054707400472825093,when you find out she can cook,the streets,food,relationships
6969380598137785605,when the new neighbors are lit,y'allidarity,left,native
7106890614075116842,animals,dogs,fetch,discs,disks
7016681032829127942,music,duet,washing machine,jazz
7159926463104322821,animals,dog chiropracticor,neck crack
7259399015681297666,left,minimum wage,maximum wage,union
7143593665531809030,music,jon bellion,nigerian,afrobeats,africa,so simple and sweet
7026125231693565190,left,aave,teaching,fun facts,language
6953801515886808322,ghostbusters,music,depression,repress it,therapy
7008634390465088774,nd,neurodivergents never die virgins,drum,giving head to two people at once
6994717156982246661,animals,dogs,carrot peeler
7204328428227792174,left,fun facts,history,monopoly,landlord's game
6971936308713229573,left,confederate monuments,racism,crt,critical race theory
7196736447024565509,music,daft punk,harder better faster stronger,chest thumping
6999590364806106373,computer science,debugger,print statements
7120268600312630534,left,admitting,coup,john bolton,george w bush
6992266780072807685,life hacks,woodworking,dividing a board,construction
7237209305798446382,comedy,assorted,teacher,gen z,rebellion is cringe,ayn rand
7139260424653901102,animals,bird,parrot,fashion,card
6978227559775440134,left,colonizer,boundaries,fortress,social movement,life hacks,organizing,excluding
7122941088658230570,left,violence,nonviolence,anybody feeling french,slavery,voting
6969983415764520197,animals,dogs,rabbits,zombie,country
6955202620596292869,letterkenny,stewart
7232048676217179434,nd,autistic,autizzy,assessment,correcting people,masking,black
7058326471424838959,music,duet,get low,country
7047912119743958278,left,racism,white,black,comedy,cancel culture,white girl dating a black guy,aux,da baby,interracial relationships
6885877261082348801,nd,autistic,autizzy,music,rap,queer
6949301011387305222,male audience,fishing,crocodile,alligator,on the phone,in a meeting,golf cart
6983807266898054402,jesus,left,when being a christian becomes illegal,queer
6981840716376935686,left,it looks like a giant dick,space,jeff bezos,billionaires in space
6977790093796855045,theft-deterrent seat on my bike,life hacks,engineering
7168447746779696427,depression,turning my personality back on after i just finished crying in my car,masking
6972263904261000453,what is that one song that will get you in a drinking mood so fast,left,antiwork,zoom meetings
7198893031376964906,male audience,feminism,fighting,jiujitsu,choked out
7175986683215858990,oddpride,well-behaved women seldom make history,quotes,left,feminism,history,fun facts
6993322757912087814,music,mashup,miley cyrus,down with the sickness,disturbed,party in the usa
6990745035725753606,when she finally invites you over,relationships,we got a good thing don't know if i will see you again,red flags
7046538673239674118,nd,autistic joy,ndwellness,lina's brain,less susceptible to advertising
7020629456003812654,music,left,here comes the white people
7010107524015836422,things you can say in the poker room and the bedroom
6976262061751799046,male audience,gaming,name your pokemon after women you've hooked up with
7167466650696994091,relationships,mistletoe,kiss
7030657353821211910,left,y'allidarity,homeless,unhoused,help,don't be too quick to judge,lighter analogy
6991883366945557766,medicine,left,covid,pandemic,science,doctor
7115871493044604166,jesus,left,pro-life,abortion,pro-choice,heaven,hell
7060680130112294150,africa,pumba,the lion sleeps tonight,hunting,animals
7265405878851980587,socializing is hard,favorite movie,memory,nd,autistic,get to know you
7002369904913517830,queer,ma'am,sir
7143982766403636522,jesus,gospel authorship,maklelan
6970062340318350598,left,acab,pork,pigs,ftp,butcher
6992790250561047813,animals,dogs,kiss reaction,compilation
7070184981238172970,music,saxophone,traffic cones,indoor gocarts
7001509038122945797,left,help the post office,life hacks,mail
7212721406428204331,queer,femboy,i did not buy hogwarts legacy i pirated that
7254679078429707566,music,harmony,take on me,aha
7041360409898618118,queer,story,clothing store,gay bar
7212937176512793882,engineering,the expert,seven red lines,perpendicular
6937064312926113029,queer,nonbinary,wall-e is a boy and eve is a girl,gender,left
7164193246401383726,fun facts,pixel art is emulating a style that never existed,history,gaming
7215426994589191470,left,poverty by america,quotes,government aid,welfare,tanf
6974941471325670661,life hacks,left,thermostat,power company,air conditioning,heater
7117762044299857158,animals,dogs,introverted,dog park
7158927623261932842,nd,autistic,same foods,hyperfixation,luigi's lemon italian ice
7138086494832545066,honey what do you think about this abortion bill,pay it
6940119291899563269,male audience,fighting,perfectly in sync,kickboxing,muay thai,just the two of us,bill withers
7166786297200168234,comedy,assorted,booking flights,internet,online,airplane
7216400098392083754,animals,dogs,life hacks
6974410894717586693,left,eat the rich
7195252783950384427,nd,autistic,memory,coleslaw,how old am i
6961459025552641286,nd,autistic,socializing is hard,compliments
6967812199406423302,life hacks,alcohol,otter pops
7100958696745864491,nd,autistic,stimming,communication,kids
6952060432827813125,dad jokes,woodpecker,cedar,street sign
6965802720267685121,computer science,web development,user interface,uiux
7137195058821958955,jesus,library
6959555928035167494,male audience,the most attractive thing to a man is ryan reynolds
6994104338427809029,animals,dogs,i'm a duck,swimming,golden retriever
7143354373161110826,male audience,insanely hot men with average looking women,i chimed in with
7150002688594595118,relationships,anxiety,attachment
6998160590854294790,left,arundhati roy,you can't bomb bigotry out of a country,military,afghanistan,saudi arabia,war
6974955016805305605,left,milennial,home ownership
7166263807386357035,relationships,hot pot,paying for dinner,date
6970055265332890885,the white cis gays are at it again,y'allidarity,queer,pride
6974850290717707525,life hacks,parenting,kids,male audience,baseball,fishing
7253981079579708714,nd,too busy,work,bipolar,mentally ill
7033560896987286830,i'm not racist,left,what's that smile
7055327640961633583,male audience,fighting,moves that won't work in a fight
6976971632506178821,animals,opossum,air conditioner
7158507915899407658,left,jewish,kanye west,michael jackson
7012743532582685958,music,native,harmony,echo
7127791197661220102,fun facts,the la brea tar pits,brown bear,ursus arctos,stars,astrology,hank green,science
6943374699745266950,nd,autistic,amelia bedelia,do you think i'm fat,relationships
7013456150687501574,left,us healthcare system,health insurance,doctors work for the insurance company
7022740796503887109,comedy,human centipede,dad jokes,king kong,start swimming
6994937748490603781,fun facts,math,6174,kaprekar's constant,subtraction
7002770045503900933,left,native,start a riot
7055775233890110766,music,country,black,get low
7137321654333639982,life hacks,construction,corner drawers
7111577116008893738,nd,autistic,what are you on,probably the spectrum,i just act like this
6931548976504114437,left,rap,regan aliyah,ain't hopped on a beat in a while
7128233812491881771,kids,chickens,farming,you're not a chicken,could you come out of the coop please
7012925224987397381,left,antiwork,pto request denied,calling in sick,pto warning
7107840728088218923,animals,cats,get rid of rats
7049850768962260270,left,cutting board,depression,construction,woven board,be nice to yourself,antiwork
7050630398107340079,music,dad jokes,a tornado flew my room before you came,frank ocean,thinking bout you
7133348640927632686,left,feminism,how scared women are of men,me too,pepper spray,mountain lions,running,jogging,analogy,empathy
7041263351766207750,music,call me maybe,white,black,dancing
6851967027419057413,male audience,construction,osha violations
7061334235566804270,music,take on me,dad jokes,aha
6963458332250180870,music,winter,vivaldi,classical,drums
6982235756723047685,fun facts,history,music,rap,the hip hop song
6943611663845231877,music,fun facts,science,rhythm,beat,audio,polyrhythm
7200451266273627438,animals,snake,mighty mouse,discombobulate,sherlock holmes,fighting
7112276253398535470,life hacks,construction,find the right size,imprint on skin
6989702651168558341,boston,market basket,accents
6990550671552417029,animals,what having more than one cat is actually like,cat trapped in a box
7154945057471155499,nd,autistic,masking,honesty,autopilot,volume
7132207627601218822,story,polyamorous,drinking,cheating,i refuse to delete this app,pregnant,afair with my mother,story
7048709584940322053,music,a capella,scottish bagpipes
7121133890470759723,animals,dogs,bread,chariots of fire,the flame
7129857775437352235,life hacks,knots,tarp corners in the wind
6966743501748980998,music,mashup,toxic,britney spears,forgot about dre,dr. dre,eminem
7259975143923961130,left,feminism,barbie,brainwash women into hating men
7095862535882231086,left,daily show,elon musk's twitter buy,trevor noah,taxing billionaires
7049875492320578863,dad jokes,you know it's starting to get cold outside when you go outside and it's cold,nature
6987088453590584582,music,mashups,only girl,rihanna,september,earth wind and fire
7192658362700549381,dad jokes,beyonce,music,buoyancy,whatever floats your boat
6996346036755107077,fun facts,eels,science,animals,where do eels come from
6796705417629093126,animals,dogs,the pit bull takedown
7000376067571731717,left,education,critical race theory,racism
7212728995509521706,dad jokes,disability,duet,one eye,beyonce,love on top
6974526664801832197,male audience,every job i get is a fucked up job,cars
7039704540395883778,animals,ferret,blanket
7203414025546321198,left,biden,speech,we own the finish line,patriotic
6974068982202518789,left,black history month,queer pride month,advertisement
6987905156994059525,assorted,mr. moseby's left tit,story
7182749745645948202,assorted,soy sauce,asia,asmr
7206730184211402030,left,history,love canal,chemical dump,epa,super fund
6982358604569480454,assorted,toothpaste,roll
6942732473763761414,assorted,you are african americans plus mark,basketball,speech
6976495661051071746,animals,kangaroo,water,australia,i get knocked down,the hit crew
7040981182359538950,nd,autistic,crying,depersonalization,self-aware,numb,dissociation
6985452287271505157,life hacks,construction,water,wood
6971326894352403714,queer,male audience,queer,i have a question for all sexually active men,when a woman tells you
7170029244100300038,computer science,npm,is-odd,web developer,fun facts
7128773324762762542,life hacks,nature,hiking,nd,autistic,national park pass,disability
6972154369164709126,left,antiwork,depression,drinking soap
6970861658847710470,queer,fun facts,toads,noise,vibrating,release call,frog,animals,science
6996715367192120581,life hacks,computer science,construction,pc inside of a desk
6997515856213314822,left,nato,afghanistan,y'all are trash,taliban
6989752463746190598,left,bossman,maybe you can go one day without fucking up,male audience,start that tomorrow,on fire,construction,excavator
7200074815473044782,depression,make it through the winter,ancestors,fully-stocked fridge
7262301480718224683,public speaking,teaching,slam poetry
7117959214835698990,music,blue-haired boy,over and over,guitar
6946999077741579526,shoutout to the best dishwasher loader in your household,roommates
7054223949458246959,i went to the fridge to get a snack and you weren't there,relationships
7190809579670867206,fun facts,paula abdul,robots movie,want to buy a watch,don't buy us we're fakes
7228275913878719786,nd,autistic,masking,electrons,moon,quantum physics
7092101171141266693,nd,my brain disconnected for a second,happy birthday cake drop
6962161013131185413,so you're canadian,take a shot of maple syrup,american whiskey
6977520376959995142,newscaster,phone scammers,spam,warrant for your arrest
6935831273126628614,nd,autistic,accents,adhd,mirror accents,mimic,masking
7198182742834629930,nd,autistic,sociailizing is hard,crossing the street,fake out the car
6996384537391451397,left,fun facts,stock market,index funds,investing,diversification
6958507833344167174,left,cia recruitment advertisement,feminism,i spy communists
7077211743864376618,music,black church of nintendo,mario
7140708879989542187,depression,every single day i wake up against my fucking will
7250442799592656155,comedy,stand-up,nd,diagnosis,assessment,not knowing how to swim,arm floaties
6960788618361261318,left,antiwork,corporations be like,minimum wage
7185619356087307563,fun facts,ethiopia,africa,history,nile,dam
7010829175309274374,left,revolutionary optimism,community organizing,nihilism,western leftists
7175939748899458310,nd,autistic,stimming,overstimulation
7141038592217943338,kids,hot pepper,habanero,spicy
7157035224147299630,two grown men attempting to be vulnerable,movie quotes,references,how you doing,friends,breakup
7218582259052449066,quotes,if you let that motherfucker shanon once,shenanigan,hooler is going to hooligan
6994538120364526854,music,dude she's just not into you,rap,feminism,toxic masculinity,gotta move on
7250257738448571654,jesus,kim possible,nothing is impossible with god,parents,podcast,strict
7227815959988276506,music,there's a hole in the bucket,harry belafonte,odetta
7132230735292992814,left,unhinged climate solutions,bully golfers
6807131208338656518,left,antiwork,canada
7107426368178097414,che,disability,high five,fighting,kids
6979758751741955333,life hacks,nd,autistic,fridge,refrigerator,adhd,executive function,memory,condiment drawer
7107176736252579074,compilation,duet,left,movie shows arab country
7137407024916106539,fun facts,music,wagon wheel,ocms,old crow medicine show
6987516596260506885,antiwork,ghost pepper,spicy,lunch,cowoker has been stealing lunch
6966236170090974470,music,mashup,imagine dragons,radioactive,good 4 u,olivia rodrigo
6992279937319210246,male audience,cars,ceramic coating,water just bounces right off
7104058579707022634,fun facts,history,peru,tupac,music,rap
6995171341359975685,antiwork,left,masking
7148379189173947654,left,billionaire,discomfort,philanthropy,solidarity,bill gates
6981031517862497542,animals,dogs,sheep herding
6965594117438983429,fun facts,construction,electricity,outlets,coat hanger
7195656136857619754,animals,dogs,tall,emotionally i'm just a little guy
6951864839677431046,you have to stop drinking,thank god my name ain't,good thing i'm not,alcohol
7257592887829941546,fun facts,animals,science,queer,gay monkey polycules,evolution,research
7108853960169016619,relationships,boudoir poses for men,life hacks
7142334859309042986,house of the dragon,dragon tales,game of thrones
7142695252695108910,where are all the masculine man,kids,parenting,we're having a princess party,left,queer
6993027931865976070,fun facts,history,maps,cartography,steganography,search,genius lyrics,google search results,bing,dictionaries
7237891148784864517,left,billionaires,guillotines,space
6968160877400968454,fun facts,music,gibberish,adriano celentano,language,english
6991893875535236357,left,poetry,masking,black,my voice my choice,code switching
6972682749316500741,fun facts,music,movies,temp tracks,avengers,classical,mouse hunt,alan silvestri
6969065837449792774,male audience,relationships,when you get distracted easily,inside out,story time,office
6994676579125267717,left,climate change,greenwashing,metal straws
6980021636787440901,yeahitstak,music,left,rap,covid,pandemic
7150540420987260206,dad jokes,in sum,some men,language,mensa
7052496988251688197,left,trying to back someone off their golf swing
7237162681336204587,nd,adhd,autistic,socializing is hard,memory,factory reset,volume,brain/mouth desync,recreational arguing,debate,pause
6971907054021758214,left,covid,hank green,pandemic,magnets,baby powder,science
7027555299221343494,nd,autistic,zoom meeting anxiety,nonverbal communication,masking,lina's brain,ndwellness,tone,imply
7239788870047452458,nd,autistic,transitions,emily anne,food
6984541193308785926,queer,story,pokemon go,gay best friend,target
6939975732886064390,jesus,psychology,optimistic nihilism,life hacks
6962932537677122821,animals,dogs,they're good dogs, brant,weratedogs,brent,bront
6966279702730296581,baseball,sports,can't touch this,stealing home
6973794063598243078,male audience,watermelon,rubber bands,explosion
6981830229308345606,music,classical music for the homies,tuxedo,beethoven's 5th
7002298478344899845,letterkenny,language,alliteration
7144507662364020014,drugs,bad trip,special candy
6941785471404018949,left,up and coming city,gentrifying,small town,up & coming city
7036006631800458502,fun facts,language,aave,habitual tense
7234657905239313710,nd,autistic,interoception,hunger,memory,moon,brain,shutdown,overstimulation
7177762337183698222,life hacks,cooking,separating egg yolk from white,garlic
7127643285719502122,left,climate change,science,apocalypse,scientists
7177024093835775237,left,africa,interview,news,immigration,travel
6947676769298238726,male audience,truck,construction,that ain't going nowhere,wratchet strap,every damn time
6962216205914508549,universal basic income,ubi,left,construction,manufacturing,y'allidarity
7146596924890615082,whatever you're eating right now probably shouldn't go in your face hole,which hole should it go in,there's a hot pocket in my ass
6988204759392079109,music,beggin,da,duet,tuxedo,ta,opera
6984131838394633478,male audience,boat,beer,alcohol,jet ski
7233950288544042283,queer,special friends,grandpa,conversation,pushing too hard,family,left,cognitive dissonance
6991869162863742213,fun facts,cars,science,functioning camry on a board,car on a board
6964735861015563525,drones,engineering,light show
6982191846730534146,engineering,shop,male audience,ppe,safety goggles
7174890084813065515,depression,there is no way you're getting tickets for that show
7260934033062874410,music,what the fuck is happening here,what is coming out of the ground,steam,pothole,saxophone
7069437332415581486,compilation,big news,mom is dead,dark comedy,duet
7098478408144932142,music,this is the girl i babysit,haircut,piano,duet
6898556867379875078,music,mashups,bruno mars,treasure,tupac,hit em up
7202298771173149998,talking to yourself,who's we,nd,autistic,talk to yourself,why am i plural
6956318564475211013,disabled,deaf,dad jokes,disability
6978502766863846662,dad jokes,batman's favorite fruit,antijoke,banana,grapefruit,ba dam dishoom
7051482602322054401,music,jesus,god is a bit of a freak,celibacy
7204474794103033134,left,devil's adversary,devil's advocate,feminism
7178232997865491758,kids,jiujitsu,face,fighting,arm bar
7020579659909713158,assorted,surveillance,fbi agent who spies on you through your phone,privacy,security
7018262389862698246,left,racism,bad,harmful,black and white thinking,right and wrong
7047247906906361134,left,fun facts,venmo,cash app,underserved communities
7147057120137989382,nd,autistic,assessment,validating,masking,i knew you were autistic,friends,lina's brain,ndwellness
6977056605238004997,animals,dogs,adventure pip,sticks,fetch,nature
6911137765035969797,music,glamorous,chinese,language,fergie
7173384219039730987,guess who just got out of her depression phase,hoodie,because it's fire,sometimes i want to jump out the window but then i think that might hurt
7023057174536441094,dad jokes,mailman,rearrange the letters,ba dam dishoom
7164830387263360302,childfree,if you see a crocodile,money you have in your bank account
6891468636230339841,music,computer science,debugging,mugs,cups,blinding lights
6978976393367538949,kronk,emporer's new groove,squirrel,squeak,assorted,relationships
7179339199806721326,nd,autistic,startle response,trauma,cow
7145287575392029998,asian,duck,cooking,boat,shock,feeding ducks
7133362838424341803,music,it's corn,schmoyoho,duet
7175531842936868102,life hacks,knots,alpine butterfly
6994115982981631237,relationships,you have something i want,girlfriends when you buy a new hoodie,star wars
7189301926842961195,nd,neurotypicality is whiteness,inclusiveness,false binary
6989633520293498117,left,surveillance,tech,the government is watching you,drone,car,comedy
7184918007360245038,animals,dogs,stick,tree,the forbidden stick
7059925138359471407,animals,cats,carmina burana,o fortuna,carl orff
6959189270716255493,a jizz of mayonnaise,sandwich
6964852441380703493,left,trolling an anti-vax rally,protest,covid,pandemic
7036062955737320709,music,i'm sure that i'm the villain in somebody else's story but this ain't their fucking song now is it,quotes
7013852276959890694,animals,monkey,magic tricks,voiceover,card tricks
6956603921192193286,left,teaching,public school,comedy,education
7077617608123714862,give it to me straight doc,give it to me gay,girl bye,doctor,medical,queer
7174405742919781638,sirens,scottish bagpipes,fire station,comedy,dad jokes
7044016748282137903,male audience,rolling a rock down a hill,oh that was cool,nice
7243464829099330858,arundhati roy on armed resistance,india,left,nonviolence,the gandhian ethos,both sides,acab,ftp,hunger strike
6977861298893737222,left,biden,trump,congratulations you've solved today's mystery,used waffle maker
7191562778249858346,left,fun facts,research,acab,ftp,cops don't reduce crime
7143357605417667882,computer science,dev ops,qa,mess with,user testing
6969952829532359942,left,acab,ftp,star wars,which side do you identify with,rebels or the emprire,you're neutral like switzerland
7236427363259534635,music,nd,autistic,late-diagnosed,amelia bedelia,black and white,socializing is hard,masking,explicit communication,hypersensitivity,emily anne
7007527388376599813,left,protest,music,when the world is sick,climate change
6964726862815776006,left,collective stupidity,internet,lack of access to information
7140638229451001130,left,climate change,science,ozone layer,fun facts,history,research,montreal protocol
7164866801233333547,jesus,left,atlanta,warnock,walker,republican because they're christian,republican first
6987024118784773381,music,nd,autistic,panning,record player,a capella
7204184299858382085,left,problem with the red pill movement,the matrix,blue pill,queer,fun facts
7110346160505687301,nd,autistic,reading into words,between the lines,imply,explicit communication,lina's brain,ndwellness,no subtext
7105598934772436229,music,cut your bangs,radiator hospital,girlpool,mbti
7116695926206483754,music,left,immigrant,guitar,poetry,america
6928516123889503494,antiwork,conference call,zoom,circle back,corporate
7211980137192000773,dyslexia,fear of long words,language,fun facts
6985341602642283781,wernher von braun,left,nasa,history,nomdecoom
7098419476529417518,aave,left,language,grammar,teaching,education,learning,fun facts,order of adjectives
6981996932461841665,left,pizza party,union,solidarity,i want you baby,do you want me
7194668274783833390,left,union,solidarity,acab,ftp,police unions
7137790003748392197,nd,autistic,adhd,audio processing disorder,lina's brain,ndwellness,dissociating,mask
6976279204107226374,delete
7039794703608401199,left,kwame ture,organizing,solidarity,union,history,quotes
7129670329408081198,life hacks,shrimp,clothing,pockets
6980516405351304454,animals,cats,compilation,head bob,music
6994525783846931717,hi-vis,can you come fuck me right now,construction,male audience,hard hat
7158999894705868075,music,mashup,taylor swift,i'm the problem it's me mario
7196390752832851205,computer science,antiwork,json,data science
7148461109190626566,relationships,when you need a push from a stranger to seal the deal,restaurant,arm over shoulder
7000807627068296454,left,the most american thing i've ever heard,hypocracy,interview,biden's afghanistan mess,refugees,crying
7154400411598720302,animals,dogs,reverse sneeze,sniffling,snorting,life hacks
7137982044516125995,would you fuck your clone,music,guitar
7148783558725848326,animals,dogs,stick,nature,tree,fetch
7142977178341313835,nd,autistic,give my brain a bath,you could trust me with the nuclear codes
6991208605533916422,male audience,omg i forgot what abs look like,cars,abs pump,antilock braking system
6974029344612060422,left,how florida wants to teach slavery,racism,critical race theory,crt,daily show,trevor noah
6978627885401640198,left,cabinets,pans,drawers,poor
7106241452644027690,broken ankle,dogs,animals,stairs
6955976171385261317,left,irs knows how much tax i have to pay,taxes,corruption,h&r block,intuit,lobbying
7184543016336624938,bad bitches,winnie the pooh,impression,accent
7105561433173216554,music,jesus,pirates who don't do anything,piano,and i've never been to boston in the fall,veggie tales
7159978779719355690,childfree,snaps,rent money,poor
7158115425145048366,intimacy grows in our differences as people,attachment styles,relationships,love,like
6985342224628305158,music,comedy,flute,scales,play the last note
7145536437348355374,left,acab,11,12,fuck 12,ftp
7218550581177191723,jesus never said he was god,maklelan
6955202672408464645,music,mashups,another one bites the dust,queen,bad,michael jackson
6975197831598574853,kids,male audience,soccer,kicks to the head
7221152089072782618,nd,autistic,sex,asexual,hypersexual,stimming,hyperstimulation,touch
7210509304787438890,music,mashup,clocks,coldplay,piano,chicago,sufjan stevens
7183454830948568347,music,wellerman,sprinkler
7137045913347869994,masculine men do not care about a woman's opinion,but men who are good at sex do,music,rap,feminism,toxic masculinity
7151443813255351595,therapy,so i told my therapist that I'm going to fix the world,that's a little grandiose,so we'll be staring with her
7103981167476591914,nd,autistic,autizzy,feminism,masking,catcalling,racism,code switching,misogynoir
7038964924692909359,dad jokes,john jacob jingleheimerschmidt
7241054565854973189,kids,zing ka rampampam,cell phone alarm,music
7262464416023579947,childfree,animals,dogs,you're telling me i'm supposed to love a child more than this,there's no way
6986919505838509317,john mulaney,spanish dub,accents,impression
7201662614571781422,workout,life hacks,pushup to handstand
7040465192362495279,left,burger,if asian food writers wrote about white food how white food writers write about asian food,travel,hamburger
6991099968484412677,left,nature,valley,desert,highway,strip mall,suburb,revenue for the state
6964767998875798789,dad jokes,relationships,are you a movie,lesbian,queer,i don't know how to respond to that but that sounds nice
7013686436675210501,life hacks,off-the-grid,refrigerator,fridge,science
